V0,dV,td1,td2,Machining Time mean,Tool Wear mean,Orbiting Time mean,Machining Time fit,Tool Wear fit,Orbiting Time fit,n
6.200000000000000000e+01,6.900000000000000000e+01,2.469000000000000000e+04,3.204800000000000000e+04,6.893061924378076810e+01,7.659999999999999432e+01,1.904285370906194075e+01,6.817878693275135049e+01,7.285060090649500353e+01,1.852961444758776821e+01,1.000000000000000000e+00
6.300000000000000000e+01,6.400000000000000000e+01,1.718700000000000000e+04,2.651600000000000000e+04,7.197218791643778957e+01,7.040000000000000568e+01,1.860912046432495259e+01,7.018647757729922887e+01,7.121042000877102396e+01,1.887527141717901813e+01,1.000000000000000000e+00
8.300000000000000000e+01,6.500000000000000000e+01,2.412000000000000000e+04,1.841900000000000000e+04,7.067439051866531941e+01,6.809999999999999432e+01,1.767298786640167307e+01,6.617190578794236444e+01,7.099771579245863506e+01,1.634014264248405013e+01,1.000000000000000000e+00
6.000000000000000000e+01,6.100000000000000000e+01,2.337500000000000000e+04,1.945600000000000000e+04,7.276822666327159084e+01,6.389999999999999858e+01,1.893040259281794135e+01,7.214296837823248154e+01,6.926453627559612869e+01,1.942729438099082273e+01,1.000000000000000000e+00
7.500000000000000000e+01,7.100000000000000000e+01,2.005400000000000000e+04,3.007000000000000000e+04,6.755392827192942207e+01,7.250000000000000000e+01,1.745583828687667705e+01,6.440411654177866296e+01,7.444016815284493305e+01,1.693033654218212192e+01,1.000000000000000000e+00
7.700000000000000000e+01,6.300000000000000000e+01,2.108100000000000000e+04,2.538500000000000000e+04,7.054235858917236612e+01,6.750000000000000000e+01,1.970930689175923689e+01,6.627728387172444968e+01,7.022850475502887946e+01,1.782262037795135967e+01,1.000000000000000000e+00
6.500000000000000000e+01,6.800000000000000000e+01,2.265200000000000000e+04,2.345100000000000000e+04,7.009877149661382134e+01,6.559999999999999432e+01,1.929664738575617378e+01,6.960413121680528548e+01,7.266642394879549727e+01,1.847808847604873961e+01,1.000000000000000000e+00
6.900000000000000000e+01,6.500000000000000000e+01,1.892500000000000000e+04,3.579000000000000000e+04,7.034619516531626005e+01,6.409999999999999432e+01,1.843285409609476844e+01,6.828063705176886344e+01,7.147584225809663394e+01,1.856892431376369146e+01,1.000000000000000000e+00
8.000000000000000000e+01,6.800000000000000000e+01,2.308500000000000000e+04,2.228600000000000000e+04,5.368895763158798218e+01,7.370000000000000284e+01,1.627017116149266585e+01,5.525874905564396045e+01,7.268480516806111780e+01,1.656247090867767469e+01,1.000000000000000000e+00
6.400000000000000000e+01,7.600000000000000000e+01,1.678300000000000000e+04,3.885900000000000000e+04,5.347796802123387749e+01,7.840000000000000568e+01,1.658259500662485664e+01,5.410730022670834671e+01,7.647614283004530478e+01,1.681377900954165838e+01,1.000000000000000000e+00
6.600000000000000000e+01,6.200000000000000000e+01,2.140900000000000000e+04,2.453200000000000000e+04,5.847608377138773506e+01,7.920000000000000284e+01,1.977210234403610301e+01,5.948781605852416732e+01,6.976221169530911936e+01,1.924038241023070128e+01,1.000000000000000000e+00
7.900000000000000000e+01,6.300000000000000000e+01,1.915000000000000000e+04,3.394000000000000000e+04,5.615315227309862678e+01,6.859999999999999432e+01,1.748629598617553782e+01,5.853003938048493637e+01,7.060333477728137552e+01,1.764815472481214442e+01,2.000000000000000000e+00
6.600000000000000000e+01,8.000000000000000000e+01,2.167000000000000000e+04,1.850800000000000000e+04,5.311080821355184156e+01,7.979999999999999716e+01,1.583438589970270804e+01,5.314484102770835250e+01,7.879271360319316386e+01,1.610610261342372240e+01,1.000000000000000000e+00
6.900000000000000000e+01,6.900000000000000000e+01,2.523300000000000000e+04,1.491000000000000000e+04,5.492179392576217367e+01,8.109999999999999432e+01,1.646178948084513394e+01,5.634017016136536427e+01,7.327175875061993793e+01,1.784400413563606236e+01,1.000000000000000000e+00
6.900000000000000000e+01,7.500000000000000000e+01,2.554300000000000000e+04,1.604000000000000000e+04,5.343375408252079950e+01,7.779999999999999716e+01,1.617277211745579990e+01,5.515690480446045285e+01,7.654000769024166573e+01,1.680639940229582052e+01,1.000000000000000000e+00
7.200000000000000000e+01,7.200000000000000000e+01,1.931300000000000000e+04,2.111300000000000000e+04,5.435977639754613477e+01,7.790000000000000568e+01,1.617401700019836497e+01,5.659676692756630700e+01,7.527180478674736719e+01,1.685005276749406633e+01,1.000000000000000000e+00
8.100000000000000000e+01,6.500000000000000000e+01,2.351000000000000000e+04,3.169800000000000000e+04,7.000196423331897222e+01,7.065000000000000568e+01,1.830752284526824880e+01,6.853368660667902645e+01,7.098524941508478037e+01,1.719021002710340440e+01,2.000000000000000000e+00
6.500000000000000000e+01,8.300000000000000000e+01,1.714600000000000000e+04,2.453400000000000000e+04,5.321855137348175191e+01,8.579999999999999716e+01,1.559231177965799908e+01,5.272914882500869282e+01,7.935405815658710083e+01,1.572835091355821469e+01,1.000000000000000000e+00
6.600000000000000000e+01,6.900000000000000000e+01,2.489600000000000000e+04,3.067200000000000000e+04,6.799859851996103544e+01,7.170000000000000284e+01,1.869282067616780552e+01,6.654176267786931476e+01,7.287894382270408755e+01,1.842265170327907597e+01,1.000000000000000000e+00
7.200000000000000000e+01,7.500000000000000000e+01,2.343900000000000000e+04,2.412800000000000000e+04,6.842381229400635334e+01,7.740000000000000568e+01,1.925663157701492167e+01,6.467037202717234834e+01,7.641323764045516498e+01,1.664467280821315143e+01,1.000000000000000000e+00
8.630318167252282535e+01,6.000000000000000000e+01,1.776482762032015307e+04,3.948032621538875537e+04,5.635253576834996636e+01,7.579999999999999716e+01,1.911744219859441074e+01,5.704993245966458204e+01,6.999376718855963020e+01,1.705247253407893027e+01,1.000000000000000000e+00
6.288331900457274060e+01,8.060569870676198434e+01,2.011254906584621494e+04,3.680751181882296805e+04,5.225434500376383795e+01,8.929999999999999716e+01,1.645473789374033657e+01,5.286634905256107686e+01,7.796939567938845528e+01,1.633220703428098375e+01,1.000000000000000000e+00
6.071280307326036052e+01,8.459777316889582721e+01,2.564823607491147413e+04,1.609660124208281013e+04,5.091379420359929497e+01,8.370000000000000284e+01,1.555251890023549421e+01,5.245239400193248258e+01,7.967123556924639161e+01,1.594299639016939452e+01,1.000000000000000000e+00
6.544348095960285150e+01,8.411164326689002735e+01,1.768962902172701433e+04,3.911621398932048760e+04,5.198724613189697408e+01,8.679999999999999716e+01,1.562396920522053989e+01,5.258073616818596463e+01,7.863678250469118325e+01,1.587998830709780940e+01,1.000000000000000000e+00
6.092997233623211883e+01,8.500000000000000000e+01,2.460923105346698139e+04,2.899229064560270126e+04,5.104560962120692125e+01,8.070000000000000284e+01,1.563257520596186367e+01,5.197889489402157182e+01,7.918968133760439798e+01,1.602444924222066902e+01,1.000000000000000000e+00
7.715767504340657013e+01,7.270843166057299811e+01,2.573789121821693698e+04,1.325002094204929745e+04,5.419417602618535312e+01,8.970000000000000284e+01,1.681373316049575806e+01,5.534113485050966119e+01,7.541573899204689724e+01,1.618192269143971984e+01,1.000000000000000000e+00
6.268574133166872997e+01,7.861864813972898958e+01,1.670127907330719245e+04,4.161872097489764565e+04,5.317103911638260172e+01,8.240000000000000568e+01,1.585855884949366335e+01,5.304204471550750100e+01,7.717038657311346128e+01,1.647261373956292019e+01,1.000000000000000000e+00
9.000000000002327738e+01,6.000000000000000711e+01,2.402957791023474056e+04,1.487448325714570638e+04,5.650019970734913954e+01,6.150000000000000000e+01,1.516851853529612271e+01,5.607625197997764843e+01,6.874741965303660152e+01,1.567077731731721180e+01,1.000000000000000000e+00
8.843974472648963570e+01,6.156025527381420659e+01,2.536341029382464694e+04,1.351658970616463375e+04,5.528901938199997090e+01,6.890000000000000568e+01,1.570596547126769948e+01,5.480893097429930805e+01,6.932855010184063360e+01,1.570496549555988963e+01,1.000000000000000000e+00
6.000000000307507975e+01,6.703608422358301766e+01,1.715250494303731466e+04,4.115115028606064880e+04,6.983789635101953763e+01,7.250000000000000000e+01,1.901457784175872945e+01,6.859482071090359057e+01,7.256366134418540526e+01,1.826858318508378431e+01,1.000000000000000000e+00
6.000000000000000000e+01,6.000000000048005688e+01,2.591999999790760194e+04,1.296000000214829197e+04,7.155326829353968776e+01,6.879999999999999716e+01,2.042972893317540439e+01,7.077373060521868808e+01,6.890691342206974923e+01,1.938387863062300198e+01,1.000000000000000000e+00
9.000000000000079581e+01,6.000000000000000000e+01,2.025587516913830405e+04,2.189674209037537730e+04,6.899190655946730999e+01,5.910000000000000142e+01,1.682899621725082540e+01,6.033302058578224347e+01,6.912303286572888794e+01,1.587842490199789935e+01,1.000000000000000000e+00
6.934206400720839270e+01,8.065793599279159309e+01,2.322028015940467230e+04,2.468074882048726795e+04,5.190137097835540914e+01,7.829999999999999716e+01,1.595706830024719203e+01,5.226363331079262053e+01,7.868283324344851337e+01,1.605938265207981175e+01,1.000000000000000000e+00
6.000000000000000000e+01,8.159898810858045692e+01,2.535257534654353367e+04,1.597810538172312044e+04,5.147513172229130873e+01,8.000000000000000000e+01,1.596180120706558192e+01,5.561935365182703350e+01,7.905062313281669617e+01,1.623373237440153005e+01,1.000000000000000000e+00
9.000000000480432050e+01,6.000000000000000000e+01,2.312985009024342435e+04,1.836957952075967114e+04,5.546198834048377080e+01,6.509999999999999432e+01,1.516631794505649111e+01,5.708846306405879290e+01,6.878972355689238327e+01,1.579135435219656358e+01,3.000000000000000000e+00
6.499999999999998579e+01,8.500000000000000000e+01,2.569440571497271594e+04,2.072568830686638830e+04,5.083041456540425429e+01,8.950000000000000000e+01,1.660120678742726597e+01,5.147554448117826098e+01,7.962456941818875578e+01,1.587301030831122262e+01,1.000000000000000000e+00
6.000000000436845937e+01,6.000000000002814460e+01,2.080503389042453273e+04,2.187393084005439596e+04,7.230654279788335259e+01,6.859999999999999432e+01,2.064152274926503594e+01,7.189148198068552631e+01,6.910390533935574808e+01,1.940328856215567299e+01,1.000000000000000000e+00
6.000000000000000000e+01,6.045606384649088483e+01,1.631228738851597882e+04,4.187869658036885812e+04,6.969917756319046021e+01,6.479999999999999716e+01,1.829331700404485161e+01,6.945414750113148727e+01,7.033284232703516636e+01,1.874065345222857104e+01,1.000000000000000000e+00
7.282251713965540318e+01,7.717748286033601346e+01,2.336864880722128873e+04,2.908364408630324760e+04,5.273144734303156866e+01,8.120000000000000284e+01,1.526903690099716115e+01,5.753967493917107134e+01,7.718873031712649890e+01,1.636855781972316493e+01,1.000000000000000000e+00
6.764323468775197057e+01,8.235676531224721941e+01,2.382400975731046856e+04,3.118305300628082841e+04,5.173565613826115595e+01,8.209999999999999432e+01,1.615189750989278039e+01,5.220085752973605508e+01,7.869797819933128835e+01,1.610473034439879569e+01,1.000000000000000000e+00
6.000000000000000000e+01,8.500000000000000000e+01,1.721270561879126035e+04,3.598116357786174194e+04,5.159712469975153937e+01,7.759999999999999432e+01,1.561957187255223545e+01,5.239781063478589829e+01,7.887918265401684437e+01,1.584049119949957074e+01,1.000000000000000000e+00
8.022392398618141840e+01,6.977607606098735005e+01,1.648233636547130664e+04,3.266010696295938396e+04,5.494371956586837769e+01,7.270000000000000284e+01,1.615379027922948296e+01,5.443717771096350333e+01,7.417393424615289632e+01,1.630184380908444552e+01,1.000000000000000000e+00
7.577948563782535985e+01,7.422051436225777366e+01,1.996689516743694548e+04,3.276789569087131531e+04,5.363699735403061197e+01,7.520000000000000284e+01,1.656668368975321570e+01,5.492818197422855775e+01,7.596859097715599773e+01,1.640378097532371271e+01,1.000000000000000000e+00
7.108447685387208992e+01,7.891552314614591523e+01,1.709702213357838627e+04,3.976886068336416793e+04,5.313351896338992475e+01,6.850000000000000000e+01,1.666610395908355713e+01,5.327138095153058828e+01,7.750656085973395193e+01,1.616441996645909640e+01,3.000000000000000000e+00
6.000000000000074607e+01,8.285372756475680944e+01,2.389836065852837055e+04,3.202996526295916192e+04,6.150484878884420681e+01,7.189999999999999147e+01,1.687383913066652141e+01,5.898532365583388071e+01,7.862112913102336620e+01,1.624059331528981076e+01,3.000000000000000000e+00
7.425160516038144465e+01,7.574839483961854114e+01,2.400195469504925495e+04,2.585004349080983593e+04,6.978224785327911661e+01,5.810000000000000142e+01,1.756570858558018955e+01,6.320538120561076312e+01,7.666946400260985683e+01,1.638878085791068173e+01,1.000000000000000000e+00
6.000000000000000711e+01,7.978953648221499861e+01,1.993263805767051963e+04,2.150768170129011196e+04,5.274501695103115395e+01,7.393333333333333712e+01,1.667809023857116912e+01,5.245796311705020543e+01,7.855989830391676776e+01,1.631021498288967209e+01,3.000000000000000000e+00
6.000000000003057465e+01,7.695928161843781368e+01,1.970491298287788959e+04,3.595713082305750868e+04,5.346710277795791910e+01,6.909999999999999432e+01,1.635285755395889140e+01,5.398686781110486521e+01,7.677902417761930565e+01,1.687445668587506020e+01,1.000000000000000000e+00
8.378392729934395788e+01,6.621607270065499051e+01,2.334098507899897231e+04,3.361518256848012243e+04,5.452822070916493402e+01,6.850000000000000000e+01,1.556119491259257082e+01,5.668235292900956068e+01,7.162763844969363447e+01,1.663847375492827396e+01,1.000000000000000000e+00
6.664433932476995892e+01,8.335566067523519962e+01,2.474163193667234373e+04,2.046338863864953964e+04,5.234932590723038004e+01,7.800000000000000000e+01,1.555954288244247508e+01,5.222400628209599915e+01,7.944801540303276965e+01,1.590253046821268335e+01,1.000000000000000000e+00
7.859049895815162756e+01,7.140950104184872771e+01,2.481196376051928019e+04,1.758188961625934098e+04,5.400045351982116415e+01,7.020000000000000284e+01,1.538704158465067628e+01,5.364227350540562611e+01,7.462390246179840858e+01,1.623597627035425717e+01,1.000000000000000000e+00
8.636373363444990048e+01,6.363626636554967320e+01,1.738681520608151914e+04,3.170841580987750785e+04,5.584415396716858737e+01,7.563333333333332575e+01,1.630822310315238255e+01,5.575745157005374608e+01,7.117449625420348980e+01,1.628314301640977391e+01,3.000000000000000000e+00
7.198301145857796257e+01,7.801698854142213690e+01,1.752657574913426288e+04,2.699108929290146989e+04,5.476355607112248691e+01,7.440000000000000568e+01,1.566522800525029524e+01,5.349518328691563340e+01,7.793208305253210710e+01,1.598184724904457177e+01,1.000000000000000000e+00
7.652873561460988583e+01,7.347126438535519810e+01,1.646186966429795575e+04,3.249701138279207589e+04,5.476206932862599785e+01,7.970000000000000284e+01,1.688664128383000573e+01,5.395396760734585939e+01,7.589924821378905051e+01,1.623687159278774672e+01,1.000000000000000000e+00
6.000000000001361400e+01,8.392457366429982812e+01,2.036088556773330856e+04,1.956091586109533091e+04,5.213835991621017740e+01,7.940000000000000568e+01,1.541049209833145106e+01,5.404249977215874878e+01,7.966280539076402079e+01,1.584358408905651849e+01,1.000000000000000000e+00
8.173570398521965785e+01,6.826429604411210050e+01,2.531860469435150299e+04,1.435154643509182279e+04,5.411164960861206197e+01,7.390000000000000568e+01,1.608649437427520823e+01,5.422813207778371236e+01,7.284170996720141034e+01,1.605160915312443848e+01,1.000000000000000000e+00
7.031336791734656799e+01,7.968663208265350306e+01,2.484103184427757151e+04,2.496964209865855446e+04,5.204456470807393487e+01,8.170000000000000284e+01,1.572601945400237966e+01,5.197243780126372314e+01,7.823935248999144676e+01,1.620589101039352187e+01,1.000000000000000000e+00
7.353078765026991448e+01,7.646921234999081207e+01,1.687495874568212093e+04,2.795438949437921110e+04,5.366858596404393467e+01,7.959999999999999432e+01,1.592669998407363963e+01,5.429554852121952280e+01,7.732521355868415469e+01,1.604388505093178097e+01,1.000000000000000000e+00
6.841869890244053920e+01,8.158130109753489023e+01,1.738249127562220383e+04,3.659380037815051764e+04,5.255465268294016568e+01,8.679999999999999716e+01,1.558210136493047138e+01,5.293843382596773495e+01,7.839005233712087772e+01,1.595626769852953686e+01,1.000000000000000000e+00
7.493457916736784341e+01,7.506542083263154552e+01,1.940407619773999613e+04,2.186394098474612838e+04,5.389367593526839784e+01,8.093333333333333712e+01,1.602383760478761587e+01,5.539584072275428639e+01,7.683389567175977675e+01,1.606859603892898747e+01,3.000000000000000000e+00
7.938151586551764183e+01,7.061848413443615868e+01,1.769816931145117633e+04,2.956480053950098227e+04,5.435846326351165914e+01,7.850000000000000000e+01,1.542205406427383352e+01,5.488784131850885473e+01,7.452019492570150305e+01,1.626124980832215172e+01,1.000000000000000000e+00
6.000000000000000000e+01,8.070502827928547163e+01,1.636122045282203908e+04,2.880891915629170762e+04,5.242259342273076328e+01,7.940000000000000568e+01,1.608681280612945486e+01,5.371633155174188090e+01,7.849903976266976713e+01,1.611780816641677561e+01,1.000000000000000000e+00
8.505637867457195966e+01,6.494362132542796928e+01,2.414178639055253007e+04,2.169906647327374594e+04,5.469173885583877848e+01,7.159999999999999432e+01,1.582707220713297502e+01,5.610708212832683017e+01,7.093424470074026544e+01,1.614010310893551292e+01,1.000000000000000000e+00
8.742517565196762064e+01,6.257482434803237226e+01,2.452946375812186307e+04,2.884721308878359923e+04,5.475280632575353224e+01,7.190000000000000568e+01,1.797782532374064246e+01,5.481459191169633272e+01,6.979413248082381926e+01,1.638802840032794705e+01,1.000000000000000000e+00
8.271405040383126561e+01,6.728594959616884807e+01,2.084878756474401962e+04,3.003422174182309391e+04,5.414124446709950433e+01,7.040000000000000568e+01,1.593320144414901662e+01,5.486503352562606040e+01,7.243769017053267589e+01,1.640781014772415247e+01,1.000000000000000000e+00
6.000000000000000000e+01,7.908950284357010219e+01,1.959449480646724624e+04,3.656294065831718035e+04,5.268124313354492472e+01,7.540000000000000568e+01,1.592541740338007550e+01,5.283718038707603171e+01,7.749630669145437878e+01,1.655077098643223366e+01,1.000000000000000000e+00
6.000000000000095923e+01,7.782010057827793048e+01,1.892341686177891097e+04,2.055340616297967426e+04,5.319094008207321167e+01,8.050000000000000000e+01,1.599810177485148088e+01,5.320566313777575829e+01,7.792143553176185833e+01,1.655306004256487640e+01,1.000000000000000000e+00
6.432507574978228604e+01,8.200297153278634710e+01,2.264646213802498460e+04,3.039655820153293098e+04,5.212062774499257500e+01,8.320000000000000284e+01,1.557908818324406930e+01,5.236856771625946294e+01,7.868640186747549592e+01,1.616593055882181673e+01,1.000000000000000000e+00
6.000000062190935779e+01,6.000000000000000000e+01,2.132163183596133240e+04,3.485516541979637259e+04,7.252836854855219428e+01,6.940000000000000568e+01,1.820600581566492693e+01,7.176646975948659701e+01,6.924727698097551354e+01,1.926948148240504111e+01,1.000000000000000000e+00
8.693356301285822951e+01,6.306643699454825480e+01,2.282101577188629744e+04,1.678238531615034663e+04,5.540099502007166876e+01,6.979999999999999716e+01,1.553638544480005912e+01,5.488832158615934276e+01,7.014280358449038033e+01,1.580586976805586907e+01,1.000000000000000000e+00
8.721515543283271654e+01,6.278484456717739448e+01,2.044803432756954498e+04,2.219401362568185505e+04,5.556613216400146626e+01,6.900000000000000000e+01,1.512490861415863108e+01,5.572809772936939510e+01,7.024626718295515104e+01,1.595090810527107372e+01,1.000000000000000000e+00
8.224788363271341041e+01,6.775211636728091946e+01,1.971503308934806046e+04,3.733866055571630568e+04,5.428571428457895820e+01,7.640000000000000568e+01,1.562578750054041521e+01,5.393291834694286990e+01,7.277392842982908405e+01,1.661218679113803631e+01,1.000000000000000000e+00
8.007606480891401191e+01,6.992393519108597388e+01,1.702891986442150665e+04,3.968368235752600594e+04,5.460442385276158461e+01,7.540000000000000568e+01,1.634683228333791050e+01,5.454770928034309208e+01,7.406826803702003303e+01,1.652624215586271816e+01,1.000000000000000000e+00
8.999999988007691343e+01,6.000000008890579295e+01,2.406301804748277573e+04,1.639214069705184011e+04,5.537125475406647013e+01,6.940000000000000568e+01,1.637035226821899414e+01,5.608731820065722218e+01,6.873056774927452750e+01,1.573291226815007704e+01,1.000000000000000000e+00
8.359807994739095705e+01,6.640192007679809194e+01,1.934340912873531852e+04,2.676466972861393879e+04,5.456300246715545654e+01,7.479999999999999716e+01,1.564904760519663540e+01,5.560950100404473773e+01,7.217731158560869176e+01,1.619591250803304661e+01,1.000000000000000000e+00
7.866018087989114349e+01,7.133981912010804649e+01,2.245338905358347620e+04,2.481985755131891347e+04,5.322791444063186361e+01,7.740000000000000568e+01,1.534019847313563112e+01,5.403622791572917095e+01,7.457007305906856232e+01,1.635349853925138675e+01,1.000000000000000000e+00
8.770028763178873987e+01,6.229971236821126723e+01,2.128280161382969891e+04,1.992387274957948466e+04,5.545881753365198819e+01,7.240000000000000568e+01,1.525424749056498186e+01,5.607384174417246925e+01,6.992152691573897982e+01,1.586370872727302839e+01,1.000000000000000000e+00
8.436644973097720879e+01,6.563355026902013378e+01,1.620000000001043918e+04,4.212000000000000000e+04,5.541808879375457764e+01,7.820000000000000284e+01,1.556518573760986257e+01,5.527812914481332029e+01,7.236189728194196391e+01,1.661255683093002844e+01,1.000000000000000000e+00
8.551444418360931365e+01,6.448555581639227796e+01,2.558891849296565488e+04,1.471074688954478552e+04,5.495271035035451490e+01,6.809999999999999432e+01,1.542092602650324551e+01,5.581521284065694033e+01,7.070209512653337924e+01,1.588996210294249956e+01,1.000000000000000000e+00
8.999999999999987210e+01,6.000000000000554223e+01,2.112801347904200884e+04,1.960552712990788496e+04,5.601267251571019301e+01,6.650000000000000000e+01,1.490576496124267614e+01,5.931030076823585517e+01,6.899523015750887112e+01,1.579577079685760488e+01,1.000000000000000000e+00
